{
  "database": "{{ cookiecutter.database }}",
  "docker": "{{ cookiecutter.docker }}",
  "email": "{{ cookiecutter.email }}",
  "env": ".env",
  "fastapi": "{{ cookiecutter.fastapi }}",
  "folder_name": "{{ cookiecutter.folder_name }}",
  "gitignore": ".gitignore",
  "license": "{{ cookiecutter.license }}",
  "name": "{{ cookiecutter.name }}",
  "packaging": "{{ cookiecutter.packaging }}",
  "pre_commit": "{{ cookiecutter.pre_commit }}",
  "python": "{{ cookiecutter.python }}",
  "username": "{{ cookiecutter.username }}",
  "year": "{{ cookiecutter.year }}"
}
